{
    "message": "Optimization terminated successfully",
    "success": 1,
    "status": 0,
    "fun": 3886.8032698616485,
    "x": [
        258.2489914943883,
        1599.9999999999998,
        6.190102543324904,
        544.4667940932966
    ],
    "nit": 7,
    "jac": [
        2.0,
        -0.0,
        544.466796875,
        6.190093994140625
    ],
    "nfev": 35,
    "njev": 7
}